"词组","拼音"
"月符「ムーンライトレイ」","Rumia"
"夜符「ナイトバード」","Rumia"
"闇符「ディマーケイション」","Rumia"
"氷符「アイシクルフォール」","Cirno"
"雹符「ヘイルストーム」","Cirno"
"凍符「パーフェクトフリーズ」","Cirno"
"雪符「ダイアモンドブリザード」","Cirno"
"華符「芳華絢爛」","Hong Meiling"
"華符「セラギネラ９」","Hong Meiling"
"虹符「彩虹の風鈴」","Hong Meiling"
"幻符「華想夢葛」","Hong Meiling"
"彩符「彩雨」","Hong Meiling"
"彩符「彩光乱舞」","Hong Meiling"
"彩符「極彩颱風」","Hong Meiling"
"火符「アグニシャイン」","Patchouli Knowledge"
"水符「プリンセスウンディネ」","Patchouli Knowledge"
"木符「シルフィホルン」","Patchouli Knowledge"
"土符「レイジィトリリトン」","Patchouli Knowledge"
"金符「メタルファティーグ」","Patchouli Knowledge"
"火符「アグニシャイン上級」","Patchouli Knowledge"
"木符「シルフィホルン上級」","Patchouli Knowledge"
"土符「レイジィトリリトン上級」","Patchouli Knowledge"
"火符「アグニレイディアンス」","Patchouli Knowledge"
"水符「ベリーインレイク」","Patchouli Knowledge"
"木符「グリーンストーム」","Patchouli Knowledge"
"土符「トリリトンシェイク」","Patchouli Knowledge"
"金符「シルバードラゴン」","Patchouli Knowledge"
"火＆土符「ラーヴァクロムレク」","Patchouli Knowledge"
"木＆火符「フォレストブレイズ」","Patchouli Knowledge"
"水＆木符「ウォーターエルフ」","Patchouli Knowledge"
"金＆水符「マーキュリポイズン」","Patchouli Knowledge"
"土＆金符「エメラルドメガリス」","Patchouli Knowledge"
"奇術「ミスディレクション」","Sakuya Izayoi"
"奇術「幻惑ミスディレクション」","Sakuya Izayoi"
"幻在「クロックコープス」","Sakuya Izayoi"
"幻象「ルナクロック」","Sakuya Izayoi"
"メイド秘技「操りドール」","Sakuya Izayoi"
"幻幽「ジャック・ザ・ルドビレ」","Sakuya Izayoi"
"幻世「ザ・ワールド」","Sakuya Izayoi"
"メイド秘技「殺人ドール」","Sakuya Izayoi"
"奇術「エターナルミーク」","Sakuya Izayoi"
"天罰「スターオブダビデ」","Remilia Scarlet"
"冥符「紅色の冥界」","Remilia Scarlet"
"呪詛「ブラド・ツェペシュの呪い」","Remilia Scarlet"
"紅符「スカーレットシュート」","Remilia Scarlet"
"「レッドマジック」","Remilia Scarlet"
"神罰「幼きデーモンロード」","Remilia Scarlet"
"獄符「千本の針の山」","Remilia Scarlet"
"神術「吸血鬼幻想」","Remilia Scarlet"
"紅符「スカーレットマイスタ」","Remilia Scarlet"
"「紅色の幻想郷」","Remilia Scarlet"
"月符「サイレントセレナ」","Patchouli Knowledge"
"日符「ロイヤルフレア」","Patchouli Knowledge"
"火水木金土符「賢者の石」","Patchouli Knowledge"
"禁忌「クランベリートラップ」","Flandre Scarlet"
"禁忌「レーヴァテイン」","Flandre Scarlet"
"禁忌「フォーオブアカインド」","Flandre Scarlet"
"禁忌「カゴメカゴメ」","Flandre Scarlet"
"禁忌「恋の迷路」","Flandre Scarlet"
"禁弾「スターボウブレイク」","Flandre Scarlet"
"禁弾「カタディオプトリック」","Flandre Scarlet"
"禁弾「過去を刻む時計」","Flandre Scarlet"
"秘弾「そして誰もいなくなるか？」","Flandre Scarlet"
"ＱＥＤ「４９５年の波紋」","Flandre Scarlet"
"霜符「フロストコラムス」","Cirno"
"霜符「フロストコラムス -Lunatic-」","Cirno"
"寒符「リンガリングコールド -Easy-」","Letty Whiterock"
"寒符「リンガリングコールド」","Letty Whiterock"
"寒符「リンガリングコールド -Hard-」","Letty Whiterock"
"寒符「リンガリングコールド -Lunatic-」","Letty Whiterock"
"冬符「フラワーウィザラウェイ -Easy-」","Letty Whiterock"
"冬符「フラワーウィザラウェイ」","Letty Whiterock"
"白符「アンデュレイションレイ」","Letty Whiterock"
"怪符「テーブルターニング」","Letty Whiterock"
"仙符「鳳凰卵 -Easy-」","Chen"
"仙符「鳳凰卵」","Chen"
"仙符「鳳凰展翅」","Chen"
"仙符「鳳凰展翅　-Lunatic-」","Chen"
"式符「飛翔晴明 -Easy-」","Chen"
"式符「飛翔晴明」","Chen"
"陰陽「道満晴明」","Chen"
"陰陽「晴明大紋」","Chen"
"天符「天仙鳴動 -Easy-」","Chen"
"天符「天仙鳴動」","Chen"
"翔符「飛翔韋駄天」","Chen"
"童符「護法天童乱舞」","Chen"
"仙符「屍解永遠 -Easy-」","Chen"
"仙符「屍解永遠」","Chen"
"鬼符「鬼門金神」","Chen"
"方符「奇門遁甲」","Chen"
"操符「乙女文楽」","Alice Margatroid"
"操符「乙女文楽　-Lunatic-」","Alice Margatroid"
"蒼符「博愛の仏蘭西人形 -Easy-」","Alice Margatroid"
"蒼符「博愛の仏蘭西人形」","Alice Margatroid"
"蒼符「博愛の仏蘭西人形 -Hard-」","Alice Margatroid"
"蒼符「博愛のオルレアン人形」","Alice Margatroid"
"紅符「紅毛の和蘭人形 -Easy-」","Alice Margatroid"
"紅符「紅毛の和蘭人形」","Alice Margatroid"
"白符「白亜の露西亜人形」","Alice Margatroid"
"白符「白亜の露西亜人形 -Lunatic-」","Alice Margatroid"
"闇符「霧の倫敦人形 -Easy-」","Alice Margatroid"
"闇符「霧の倫敦人形」","Alice Margatroid"
"廻符「輪廻の西蔵人形」","Alice Margatroid"
"雅符「春の京人形」","Alice Margatroid"
"咒詛「魔彩光の上海人形 -Easy-」","Alice Margatroid"
"咒詛「魔彩光の上海人形」","Alice Margatroid"
"咒詛「魔彩光の上海人形 -Hard-」","Alice Margatroid"
"咒詛「首吊り蓬莱人形」","Alice Margatroid"
"騒符「ファントムディニング -Easy-」","Prismriver Sisters"
"騒符「ファントムディニング」","Prismriver Sisters"
"騒符「ライブポルターガイスト」","Prismriver Sisters"
"騒符「ライブポルターガイスト -Lunatic-」","Prismriver Sisters"
"弦奏「グァルネリ・デル・ジェス -Easy-」","Lunasa Prismriver"
"弦奏「グァルネリ・デル・ジェス」","Lunasa Prismriver"
"神弦「ストラディヴァリウス」","Lunasa Prismriver"
"偽弦「スードストラディヴァリウス」","Lunasa Prismriver"
"管霊「ヒノファンタズム -Easy-」","Merlin Prismriver"
"管霊「ヒノファンタズム」","Merlin Prismriver"
"冥管「ゴーストクリフォード」","Merlin Prismriver"
"管霊「ゴーストクリフォード -Lunatic-」","Merlin Prismriver"
"冥鍵「ファツィオーリ冥奏 -Easy-」","Lyrica Prismriver"
"冥鍵「ファツィオーリ冥奏」","Lyrica Prismriver"
"鍵霊「ベーゼンドルファー神奏」","Lyrica Prismriver"
"鍵霊「ベーゼンドルファー神奏 -Lunatic-」","Lyrica Prismriver"
"合葬「プリズムコンチェルト -Easy-」","Prismriver Sisters"
"合葬「プリズムコンチェルト」","Prismriver Sisters"
"騒葬「スティジャンリバーサイド」","Prismriver Sisters"
"騒葬「スティジャンリバーサイド -Lunatic-」","Prismriver Sisters"
"大合葬「霊車コンチェルトグロッソ -Easy-」","Prismriver Sisters"
"大合葬「霊車コンチェルトグロッソ」","Prismriver Sisters"
"大合葬「霊車コンチェルトグロッソ改」","Prismriver Sisters"
"大合葬「霊車コンチェルトグロッソ怪」","Prismriver Sisters"
"幽鬼剣「妖童餓鬼の断食 -Easy-」","Youmu Konpaku"
"幽鬼剣「妖童餓鬼の断食」","Youmu Konpaku"
"餓鬼剣「餓鬼道草紙」","Youmu Konpaku"
"餓王剣「餓鬼十王の報い」","Youmu Konpaku"
"獄界剣「二百由旬の一閃 -Easy-」","Youmu Konpaku"
"獄界剣「二百由旬の一閃」","Youmu Konpaku"
"獄炎剣「業風閃影陣」","Youmu Konpaku"
"獄神剣「業風神閃斬」","Youmu Konpaku"
"畜趣剣「無為無策の冥罰 -Easy-」","Youmu Konpaku"
"畜趣剣「無為無策の冥罰」","Youmu Konpaku"
"修羅剣「現世妄執」","Youmu Konpaku"
"修羅剣「現世妄執 -Lunatic-」","Youmu Konpaku"
"人界剣「悟入幻想 -Easy-」","Youmu Konpaku"
"人界剣「悟入幻想」","Youmu Konpaku"
"人世剣「大悟顕晦」","Youmu Konpaku"
"人神剣「俗諦常住」","Youmu Konpaku"
"天上剣「天人の五衰 -Easy-」","Youmu Konpaku"
"天上剣「天人の五衰」","Youmu Konpaku"
"天界剣「七魄忌諱」","Youmu Konpaku"
"天神剣「三魂七魄」","Youmu Konpaku"
"六道剣「一念無量劫 -Easy-」","Youmu Konpaku"
"六道剣「一念無量劫」","Youmu Konpaku"
"六道剣「一念無量劫 -Hard-」","Youmu Konpaku"
"六道剣「一念無量劫 -Lunatic-」","Youmu Konpaku"
"亡郷「亡我郷 -さまよえる魂-」","Yuyuko Saigyouji"
"亡郷「亡我郷 -宿罪-」","Yuyuko Saigyouji"
"亡郷「亡我郷 -道無き道-」","Yuyuko Saigyouji"
"亡郷「亡我郷 -自尽-」","Yuyuko Saigyouji"
"亡舞「生者必滅の理 -眩惑-」","Yuyuko Saigyouji"
"亡舞「生者必滅の理 -死蝶-」","Yuyuko Saigyouji"
"亡舞「生者必滅の理 -毒蛾-」","Yuyuko Saigyouji"
"亡舞「生者必滅の理 -魔境-」","Yuyuko Saigyouji"
"華霊「ゴーストバタフライ」","Yuyuko Saigyouji"
"華霊「スワローテイルバタフライ」","Yuyuko Saigyouji"
"華霊「ディープルーティドバタフライ」","Yuyuko Saigyouji"
"華霊「バタフライディルージョン」","Yuyuko Saigyouji"
"幽曲「リポジトリ・オブ・ヒロカワ -偽霊-」","Yuyuko Saigyouji"
"幽曲「リポジトリ・オブ・ヒロカワ -亡霊-」","Yuyuko Saigyouji"
"幽曲「リポジトリ・オブ・ヒロカワ -幻霊-」","Yuyuko Saigyouji"
"幽曲「リポジトリ・オブ・ヒロカワ -神霊-」","Yuyuko Saigyouji"
"桜符「完全なる墨染の桜 -封印-」","Yuyuko Saigyouji"
"桜符「完全なる墨染の桜 -亡我-」","Yuyuko Saigyouji"
"桜符「完全なる墨染の桜 -春眠-」","Yuyuko Saigyouji"
"桜符「完全なる墨染の桜 -開花-」","Yuyuko Saigyouji"
"「反魂蝶 -一分咲-」","Yuyuko Saigyouji"
"「反魂蝶 -参分咲-」","Yuyuko Saigyouji"
"「反魂蝶 -伍分咲-」","Yuyuko Saigyouji"
"「反魂蝶 -八分咲-」","Yuyuko Saigyouji"
"鬼符「青鬼赤鬼」","Chen"
"鬼神「飛翔毘沙門天」","Chen"
"式神「仙狐思念」","Ran Yakumo"
"式神「十二神将の宴」","Ran Yakumo"
"式輝「狐狸妖怪レーザー」","Ran Yakumo"
"式輝「四面楚歌チャーミング」","Ran Yakumo"
"式輝「プリンセス天狐　-Illusion-」","Ran Yakumo"
"式弾「アルティメットブディスト」","Ran Yakumo"
"式弾「ユーニラタルコンタクト」","Ran Yakumo"
"式神「橙」","Ran Yakumo"
"「狐狗狸さんの契約」","Ran Yakumo"
"幻神「飯綱権現降臨」","Ran Yakumo"
"式神「前鬼後鬼の守護」","Ran Yakumo"
"式神「憑依荼吉尼天」","Ran Yakumo"
"結界「夢と現の呪」","Yukari Yakumo"
"結界「動と静の均衡」","Yukari Yakumo"
"結界「光と闇の網目」","Yukari Yakumo"
"罔両「ストレートとカーブの夢郷」","Yukari Yakumo"
"罔両「八雲紫の神隠し」","Yukari Yakumo"
"罔両「禅寺に棲む妖蝶」","Yukari Yakumo"
"魍魎「二重黒死蝶」","Yukari Yakumo"
"式神「八雲藍」","Yukari Yakumo"
"「人間と妖怪の境界」","Yukari Yakumo"
"結界「生と死の境界」","Yukari Yakumo"
"紫奥義「弾幕結界」","Yukari Yakumo"
"蛍符「地上の流星」","Wriggle Nightbug"
"蛍符「地上の彗星」","Wriggle Nightbug"
"灯符「ファイヤフライフェノメノン」","Wriggle Nightbug"
"灯符「ファイヤフライフェノメノン」","Wriggle Nightbug"
"灯符「ファイヤフライフェノメノン」","Wriggle Nightbug"
"灯符「ファイヤフライフェノメノン」","Wriggle Nightbug"
"蠢符「リトルバグ」","Wriggle Nightbug"
"蠢符「リトルバグストーム」","Wriggle Nightbug"
"蠢符「ナイトバグストーム」","Wriggle Nightbug"
"蠢符「ナイトバグトルネード」","Wriggle Nightbug"
"隠蟲「永夜蟄居」","Wriggle Nightbug"
"隠蟲「永夜蟄居」","Wriggle Nightbug"
"隠蟲「永夜蟄居」","Wriggle Nightbug"
"声符「梟の夜鳴声」","Mystia Lorelei"
"声符「梟の夜鳴声」","Mystia Lorelei"
"声符「木菟咆哮」","Mystia Lorelei"
"声符「木菟咆哮」","Mystia Lorelei"
"蛾符「天蛾の蠱道」","Mystia Lorelei"
"蛾符「天蛾の蠱道」","Mystia Lorelei"
"毒符「毒蛾の鱗粉」","Mystia Lorelei"
"猛毒「毒蛾の暗闇演舞」","Mystia Lorelei"
"鷹符「イルスタードダイブ」","Mystia Lorelei"
"鷹符「イルスタードダイブ」","Mystia Lorelei"
"鷹符「イルスタードダイブ」","Mystia Lorelei"
"鷹符「イルスタードダイブ」","Mystia Lorelei"
"夜盲「夜雀の歌」","Mystia Lorelei"
"夜盲「夜雀の歌」","Mystia Lorelei"
"夜盲「夜雀の歌」","Mystia Lorelei"
"夜盲「夜雀の歌」","Mystia Lorelei"
"夜雀「真夜中のコーラスマスター」","Mystia Lorelei"
"夜雀「真夜中のコーラスマスター」","Mystia Lorelei"
"夜雀「真夜中のコーラスマスター」","Mystia Lorelei"
"産霊「ファーストピラミッド」","Keine Kamishirasawa"
"産霊「ファーストピラミッド」","Keine Kamishirasawa"
"産霊「ファーストピラミッド」","Keine Kamishirasawa"
"産霊「ファーストピラミッド」","Keine Kamishirasawa"
"始符「エフェメラリティ137」","Keine Kamishirasawa"
"始符「エフェメラリティ137」","Keine Kamishirasawa"
"始符「エフェメラリティ137」","Keine Kamishirasawa"
"野符「武烈クライシス」","Keine Kamishirasawa"
"野符「将門クライシス」","Keine Kamishirasawa"
"野符「義満クライシス」","Keine Kamishirasawa"
"野符「GHQクライシス」","Keine Kamishirasawa"
"国符「三種の神器　剣」","Keine Kamishirasawa"
"国符「三種の神器　玉」","Keine Kamishirasawa"
"国符「三種の神器　鏡」","Keine Kamishirasawa"
"国体「三種の神器　郷」","Keine Kamishirasawa"
"終符「幻想天皇」","Keine Kamishirasawa"
"終符「幻想天皇」","Keine Kamishirasawa"
"虚史「幻想郷伝説」","Keine Kamishirasawa"
"虚史「幻想郷伝説」","Keine Kamishirasawa"
"未来「高天原」","Keine Kamishirasawa"
"未来「高天原」","Keine Kamishirasawa"
"未来「高天原」","Keine Kamishirasawa"
"夢符「二重結界」","Reimu Hakurei"
"夢符「二重結界」","Reimu Hakurei"
"夢境「二重大結界」","Reimu Hakurei"
"夢境「二重大結界」","Reimu Hakurei"
"霊符「夢想封印　散」","Reimu Hakurei"
"霊符「夢想封印　散」","Reimu Hakurei"
"散霊「夢想封印　寂」","Reimu Hakurei"
"散霊「夢想封印　寂」","Reimu Hakurei"
"夢符「封魔陣」","Reimu Hakurei"
"夢符「封魔陣」","Reimu Hakurei"
"神技「八方鬼縛陣」","Reimu Hakurei"
"神技「八方龍殺陣」","Reimu Hakurei"
"霊符「夢想封印　集」","Reimu Hakurei"
"霊符「夢想封印　集」","Reimu Hakurei"
"回霊「夢想封印　侘」","Reimu Hakurei"
"回霊「夢想封印　侘」","Reimu Hakurei"
"境界「二重弾幕結界」","Reimu Hakurei"
"境界「二重弾幕結界」","Reimu Hakurei"
"大結界「博麗弾幕結界」","Reimu Hakurei"
"大結界「博麗弾幕結界」","Reimu Hakurei"
"神霊「夢想封印　瞬」","Reimu Hakurei"
"神霊「夢想封印　瞬」","Reimu Hakurei"
"神霊「夢想封印　瞬」","Reimu Hakurei"
"魔符「ミルキーウェイ」","Marisa Kirisame"
"魔符「ミルキーウェイ」","Marisa Kirisame"
"魔空「アステロイドベルト」","Marisa Kirisame"
"魔空「アステロイドベルト」","Marisa Kirisame"
"魔符「スターダストレヴァリエ」","Marisa Kirisame"
"魔符「スターダストレヴァリエ」","Marisa Kirisame"
"黒魔「イベントホライズン」","Marisa Kirisame"
"黒魔「イベントホライズン」","Marisa Kirisame"
"恋符「ノンディレクショナルレーザー」","Marisa Kirisame"
"恋符「ノンディレクショナルレーザー」","Marisa Kirisame"
"恋風「スターライトタイフーン」","Marisa Kirisame"
"恋風「スターライトタイフーン」","Marisa Kirisame"
"恋符「マスタースパーク」","Marisa Kirisame"
"恋符「マスタースパーク」","Marisa Kirisame"
"恋心「ダブルスパーク」","Marisa Kirisame"
"恋心「ダブルスパーク」","Marisa Kirisame"
"光符「アースライトレイ」","Marisa Kirisame"
"光符「アースライトレイ」","Marisa Kirisame"
"光撃「シュート・ザ・ムーン」","Marisa Kirisame"
"光撃「シュート・ザ・ムーン」","Marisa Kirisame"
"魔砲「ファイナルスパーク」","Marisa Kirisame"
"魔砲「ファイナルスパーク」","Marisa Kirisame"
"魔砲「ファイナルマスタースパーク」","Marisa Kirisame"
"波符「赤眼催眠(マインドシェイカー)」","Reisen Udongein Inaba"
"波符「赤眼催眠(マインドシェイカー)」","Reisen Udongein Inaba"
"幻波「赤眼催眠(マインドブローイング)」","Reisen Udongein Inaba"
"幻波「赤眼催眠(マインドブローイング)」","Reisen Udongein Inaba"
"狂符「幻視調律(ビジョナリチューニング)」","Reisen Udongein Inaba"
"狂符「幻視調律(ビジョナリチューニング)」","Reisen Udongein Inaba"
"狂視「狂視調律(イリュージョンシーカー)」","Reisen Udongein Inaba"
"狂視「狂視調律(イリュージョンシーカー)」","Reisen Udongein Inaba"
"懶符「生神停止(アイドリングウェーブ)」","Reisen Udongein Inaba"
"懶符「生神停止(アイドリングウェーブ)」","Reisen Udongein Inaba"
"懶惰「生神停止(マインドストッパー)」","Reisen Udongein Inaba"
"懶惰「生神停止(マインドストッパー)」","Reisen Udongein Inaba"
"散符「真実の月(インビジブルフルムーン)」","Reisen Udongein Inaba"
"散符「真実の月(インビジブルフルムーン)」","Reisen Udongein Inaba"
"散符「真実の月(インビジブルフルムーン)」","Reisen Udongein Inaba"
"散符「真実の月(インビジブルフルムーン)」","Reisen Udongein Inaba"
"月眼「月兎遠隔催眠術(テレメスメリズム)」","Reisen Udongein Inaba"
"月眼「月兎遠隔催眠術(テレメスメリズム)」","Reisen Udongein Inaba"
"月眼「月兎遠隔催眠術(テレメスメリズム)」","Reisen Udongein Inaba"
"天丸「壺中の天地」","Eirin Yagokoro"
"天丸「壺中の天地」","Eirin Yagokoro"
"天丸「壺中の天地」","Eirin Yagokoro"
"天丸「壺中の天地」","Eirin Yagokoro"
"覚神「神代の記憶」","Eirin Yagokoro"
"覚神「神代の記憶」","Eirin Yagokoro"
"神符「天人の系譜」","Eirin Yagokoro"
"神符「天人の系譜」","Eirin Yagokoro"
"蘇活「生命遊戯　-ライフゲーム-」","Eirin Yagokoro"
"蘇活「生命遊戯　-ライフゲーム-」","Eirin Yagokoro"
"蘇生「ライジングゲーム」","Eirin Yagokoro"
"蘇生「ライジングゲーム」","Eirin Yagokoro"
"操神「オモイカネディバイス」","Eirin Yagokoro"
"操神「オモイカネディバイス」","Eirin Yagokoro"
"神脳「オモイカネブレイン」","Eirin Yagokoro"
"神脳「オモイカネブレイン」","Eirin Yagokoro"
"天呪「アポロ１３」","Eirin Yagokoro"
"天呪「アポロ１３」","Eirin Yagokoro"
"天呪「アポロ１３」","Eirin Yagokoro"
"天呪「アポロ１３」","Eirin Yagokoro"
"秘術「天文密葬法」","Eirin Yagokoro"
"秘術「天文密葬法」","Eirin Yagokoro"
"秘術「天文密葬法」","Eirin Yagokoro"
"秘術「天文密葬法」","Eirin Yagokoro"
"禁薬「蓬莱の薬」","Eirin Yagokoro"
"禁薬「蓬莱の薬」","Eirin Yagokoro"
"禁薬「蓬莱の薬」","Eirin Yagokoro"
"禁薬「蓬莱の薬」","Eirin Yagokoro"
"薬符「壺中の大銀河」","Eirin Yagokoro"
"薬符「壺中の大銀河」","Eirin Yagokoro"
"薬符「壺中の大銀河」","Eirin Yagokoro"
"薬符「壺中の大銀河」","Eirin Yagokoro"
"難題「龍の頸の玉 -五色の弾丸-」","Kaguya Houraisan"
"難題「龍の頸の玉 -五色の弾丸-」","Kaguya Houraisan"
"神宝「ブリリアントドラゴンバレッタ」","Kaguya Houraisan"
"神宝「ブリリアントドラゴンバレッタ」","Kaguya Houraisan"
"難題「仏の御石の鉢 -砕けぬ意思-」","Kaguya Houraisan"
"難題「仏の御石の鉢 -砕けぬ意思-」","Kaguya Houraisan"
"神宝「ブディストダイアモンド」","Kaguya Houraisan"
"神宝「ブディストダイアモンド」","Kaguya Houraisan"
"難題「火鼠の皮衣 -焦れぬ心-」","Kaguya Houraisan"
"難題「火鼠の皮衣 -焦れぬ心-」","Kaguya Houraisan"
"神宝「サラマンダーシールド」","Kaguya Houraisan"
"神宝「サラマンダーシールド」","Kaguya Houraisan"
"難題「燕の子安貝 -永命線-」","Kaguya Houraisan"
"難題「燕の子安貝 -永命線-」","Kaguya Houraisan"
"神宝「ライフスプリングインフィニティ」","Kaguya Houraisan"
"神宝「ライフスプリングインフィニティ」","Kaguya Houraisan"
"難題「蓬莱の弾の枝 -虹色の弾幕-」","Kaguya Houraisan"
"難題「蓬莱の弾の枝 -虹色の弾幕-」","Kaguya Houraisan"
"神宝「蓬莱の玉の枝 -夢色の郷-」","Kaguya Houraisan"
"神宝「蓬莱の玉の枝 -夢色の郷-」","Kaguya Houraisan"
"「永夜返し -初月-」","Kaguya Houraisan"
"「永夜返し -三日月-」","Kaguya Houraisan"
"「永夜返し -上つ弓張-」","Kaguya Houraisan"
"「永夜返し -待宵-」","Kaguya Houraisan"
"「永夜返し -子の刻-」","Kaguya Houraisan"
"「永夜返し -子の二つ-」","Kaguya Houraisan"
"「永夜返し -子の三つ-」","Kaguya Houraisan"
"「永夜返し -子の四つ-」","Kaguya Houraisan"
"「永夜返し -丑の刻-」","Kaguya Houraisan"
"「永夜返し -丑の二つ-」","Kaguya Houraisan"
"「永夜返し -丑三つ時-」","Kaguya Houraisan"
"「永夜返し -丑の四つ-」","Kaguya Houraisan"
"「永夜返し -寅の刻-」","Kaguya Houraisan"
"「永夜返し -寅の二つ-」","Kaguya Houraisan"
"「永夜返し -寅の三つ-」","Kaguya Houraisan"
"「永夜返し -寅の四つ-」","Kaguya Houraisan"
"「永夜返し -朝靄-」","Kaguya Houraisan"
"「永夜返し -夜明け-」","Kaguya Houraisan"
"「永夜返し -明けの明星-」","Kaguya Houraisan"
"「永夜返し -世明け-」","Kaguya Houraisan"
"旧史「旧秘境史　-オールドヒストリー-」","Keine Kamishirasawa"
"転世「一条戻り橋」","Keine Kamishirasawa"
"新史「新幻想史　-ネクストヒストリー-」","Keine Kamishirasawa"
"時効「月のいはかさの呪い」","Fujiwara no Mokou"
"不死「火の鳥　-鳳翼天翔-」","Fujiwara no Mokou"
"藤原「滅罪寺院傷」","Fujiwara no Mokou"
"不死「徐福時空」","Fujiwara no Mokou"
"滅罪「正直者の死」","Fujiwara no Mokou"
"虚人「ウー」","Fujiwara no Mokou"
"不滅「フェニックスの尾」","Fujiwara no Mokou"
"蓬莱「凱風快晴　-フジヤマヴォルケイノ-」","Fujiwara no Mokou"
"「パゼストバイフェニックス」","Fujiwara no Mokou"
"「蓬莱人形」","Fujiwara no Mokou"
"「インペリシャブルシューティング」","Fujiwara no Mokou"
"「季節外れのバタフライストーム」","Wriggle Nightbug"
"「ブラインドナイトバード」","Mystia Lorelei"
"「日出づる国の天子」","Keine Kamishirasawa"
"「幻朧月睨(ルナティックレッドアイズ)」","Reisen Udongein Inaba"
"「天網蜘網捕蝶の法」","Eirin Yagokoro"
"「蓬莱の樹海」","Kaguya Houraisan"
"「フェニックス再誕」","Fujiwara no Mokou"
"「エンシェントデューパー」","Tewi Inaba"
"「無何有浄化」","Keine Kamishirasawa"
"「夢想天生」","Reimu Hakurei"
"「ブレイジングスター」","Marisa Kirisame"
"「デフレーションワールド」","Sakuya Izayoi"
"「待宵反射衛星斬」","Youmu Konpaku"
"「グランギニョル座の怪人」","Alice Margatroid"
"「スカーレットディスティニー」","Remilia Scarlet"
"「西行寺無余涅槃」","Yuyuko Saigyouji"
"「深弾幕結界　-夢幻泡影-」","Yukari Yakumo"
"霊符「陰陽印」","Reimu Hakurei"
"霊符「夢想封印」","Reimu Hakurei"
"霊符「博麗幻影」","Reimu Hakurei"
"魔符「スターダスト」","Marisa Kirisame"
"魔符「スターダストレヴァリエ」","Marisa Kirisame"
"魔符「イリュージョンスター」","Marisa Kirisame"
"時符「プライベートヴィジョン」","Sakuya Izayoi"
"時符「ミステリアスジャック」","Sakuya Izayoi"
"迷符「纏縛剣」","Youmu Konpaku"
"迷符「半身大悟」","Youmu Konpaku"
"波符「月面波紋(ルナウェーブ)」","Reisen Udongein Inaba"
"散符「栄華之夢(ルナメガロポリス)」","Reisen Udongein Inaba"
"凍符「パーフェクトフリーズ」","Cirno"
"凍符「コールドディヴィニティー」","Cirno"
"騒符「ソウルノイズフロー」","Lyrica Prismriver"
"騒符「リリカ・ソロライブ」","Lyrica Prismriver"
"鳥符「ヒューマンケージ」","Mystia Lorelei"
"鳥符「ヒューマンケージダブル」","Mystia Lorelei"
"鳥符「ミステリアスソング」","Mystia Lorelei"
"兎符「開運大紋」","Tewi Inaba"
"兎符「因幡の素兎」","Tewi Inaba"
"花符「幻想郷の開花」","Yuuka Kazami"
"幻想「花鳥風月、嘯風弄月」","Yuuka Kazami"
"風符「風神一扇」","Aya Shameimaru"
"疾風「風神少女」","Aya Shameimaru"
"毒符「神経の毒」","Medicine Melancholy"
"毒符「憂鬱の毒」","Medicine Melancholy"
"投銭「宵越しの銭」","Komachi Onozuka"
"死神「ヒガンルトゥール」","Komachi Onozuka"
"罪符「彷徨える大罪」","Eiki Shiki"," Yamaxanadu"
"審判「ラストジャッジメント」","Eiki Shiki"," Yamaxanadu"
"騒符「ソウルゴーハッピー」","Merlin Prismriver"
"騒符「メルラン・ハッピーライブ」","Merlin Prismriver"
"騒符「ノイズメランコリー」","Lunasa Prismriver"
"騒符「ルナサ・ソロライブ」","Lunasa Prismriver"
"葉符「狂いの落葉」","Shizuha Aki"
"秋符「オータムスカイ」","Minoriko Aki"
"秋符「秋の空と乙女の心」","Minoriko Aki"
"豊符「オヲトシハーベスター」","Minoriko Aki"
"豊作「穀物神の約束」","Minoriko Aki"
"厄符「バッドフォーチュン」","Hina Kagiyama"
"厄符「厄神様のバイオリズム」","Hina Kagiyama"
"疵符「ブロークンアミュレット」","Hina Kagiyama"
"疵痕「壊されたお守り」","Hina Kagiyama"
"悪霊「ミスフォーチュンズホイール」","Hina Kagiyama"
"悲運「大鐘婆の火」","Hina Kagiyama"
"創符「ペインフロー」","Hina Kagiyama"
"創符「流刑人形」","Hina Kagiyama"
"光学「オプティカルカモフラージュ」","Nitori Kawashiro"
"光学「ハイドロカモフラージュ」","Nitori Kawashiro"
"洪水「ウーズフラッディング」","Nitori Kawashiro"
"洪水「デリューヴィアルメア」","Nitori Kawashiro"
"漂溺「光り輝く水底のトラウマ」","Nitori Kawashiro"
"水符「河童のポロロッカ」","Nitori Kawashiro"
"水符「河童のフラッシュフラッド」","Nitori Kawashiro"
"水符「河童の幻想大瀑布」","Nitori Kawashiro"
"河童「お化けキューカンバー」","Nitori Kawashiro"
"河童「のびーるアーム」","Nitori Kawashiro"
"河童「スピン・ザ・セファリックプレート」","Nitori Kawashiro"
"岐符「天の八衢」","Aya Shameimaru"
"岐符「サルタクロス」","Aya Shameimaru"
"風神「風神木の葉隠れ」","Aya Shameimaru"
"風神「天狗颪」","Aya Shameimaru"
"風神「二百十日」","Aya Shameimaru"
"「幻想風靡」","Aya Shameimaru"
"「幻想風靡」","Aya Shameimaru"
"「無双風神」","Aya Shameimaru"
"塞符「山神渡御」","Aya Shameimaru"
"塞符「天孫降臨」","Aya Shameimaru"
"塞符「天上天下の照國」","Aya Shameimaru"
"秘術「グレイソーマタージ」","Sanae Kochiya"
"秘術「忘却の祭儀」","Sanae Kochiya"
"秘術「一子相伝の弾幕」","Sanae Kochiya"
"奇跡「白昼の客星」","Sanae Kochiya"
"奇跡「客星の明るい夜」","Sanae Kochiya"
"奇跡「客星の明るすぎる夜」","Sanae Kochiya"
"開海「海が割れる日」","Sanae Kochiya"
"開海「モーゼの奇跡」","Sanae Kochiya"
"開海「モーゼの奇跡」","Sanae Kochiya"
"準備「神風を喚ぶ星の儀式」","Sanae Kochiya"
"準備「サモンタケミナカタ」","Sanae Kochiya"
"奇跡「神の風」","Sanae Kochiya"
"大奇跡「八坂の神風」","Sanae Kochiya"
"神祭「エクスパンデッド・オンバシラ」","Kanako Yasaka"
"奇祭「目処梃子乱舞」","Kanako Yasaka"
"奇祭「目処梃子乱舞」","Kanako Yasaka"
"筒粥「神の粥」","Kanako Yasaka"
"忘穀「アンリメンバードクロップ」","Kanako Yasaka"
"神穀「ディバイニングクロップ」","Kanako Yasaka"
"贄符「御射山御狩神事」","Kanako Yasaka"
"神秘「葛井の清水」","Kanako Yasaka"
"神秘「ヤマトトーラス」","Kanako Yasaka"
"天流「お天水の奇跡」","Kanako Yasaka"
"天竜「雨の源泉」","Kanako Yasaka"
"「マウンテン・オブ・フェイス」","Kanako Yasaka"
"「風神様の神徳」","Kanako Yasaka"
"神符「水眼の如き美しき源泉」","Kanako Yasaka"
"神符「杉で結ぶ古き縁」","Kanako Yasaka"
"神符「神が歩かれた御神渡り」","Kanako Yasaka"
"開宴「二拝二拍一拝」","Suwako Moriya"
"土着神「手長足長さま」","Suwako Moriya"
"神具「洩矢の鉄の輪」","Suwako Moriya"
"源符「厭い川の翡翠」","Suwako Moriya"
"蛙狩「蛙は口ゆえ蛇に呑まるる」","Suwako Moriya"
"土着神「七つの石と七つの木」","Suwako Moriya"
"土着神「ケロちゃん風雨に負けず」","Suwako Moriya"
"土着神「宝永四年の赤蛙」","Suwako Moriya"
"「諏訪大戦　〜 土着神話 vs 中央神話」","Suwako Moriya"
"祟符「ミシャグジさま」","Suwako Moriya"
"怪奇「釣瓶落としの怪」","Kisume"
"罠符「キャプチャーウェブ」","Yamame Kurodani"
"蜘蛛「石窟の蜘蛛の巣」","Yamame Kurodani"
"瘴符「フィルドミアズマ」","Yamame Kurodani"
"瘴気「原因不明の熱病」","Yamame Kurodani"
"妬符「グリーンアイドモンスター」","Parsee Mizuhashi"
"嫉妬「緑色の眼をした見えない怪物」","Parsee Mizuhashi"
"花咲爺「華やかなる仁者への嫉妬」","Parsee Mizuhashi"
"花咲爺「シロの灰」","Parsee Mizuhashi"
"舌切雀「謙虚なる富者への片恨」","Parsee Mizuhashi"
"舌切雀「大きな葛籠と小さな葛籠」","Parsee Mizuhashi"
"恨符「丑の刻参り」","Parsee Mizuhashi"
"恨符「丑の刻参り七日目」","Parsee Mizuhashi"
"鬼符「怪力乱神」","Yuugi Hoshiguma"
"怪輪「地獄の苦輪」","Yuugi Hoshiguma"
"枷符「咎人の外さぬ枷」","Yuugi Hoshiguma"
"力業「大江山嵐」","Yuugi Hoshiguma"
"力業「大江山颪」","Yuugi Hoshiguma"
"四天王奥義「三歩必殺」","Yuugi Hoshiguma"
"四天王奥義「三歩必殺」","Yuugi Hoshiguma"
"想起「テリブルスーヴニール」","Satori Komeiji"
"想起「恐怖催眠術」","Satori Komeiji"
"想起「二重黒死蝶」","Satori Komeiji"
"想起「飛行虫ネスト」","Satori Komeiji"
"想起「波と粒の境界」","Satori Komeiji"
"想起「戸隠山投げ」","Satori Komeiji"
"想起「百万鬼夜行」","Satori Komeiji"
"想起「濛々迷霧」","Satori Komeiji"
"想起「風神木の葉隠れ」","Satori Komeiji"
"想起「天狗のマクロバースト」","Satori Komeiji"
"想起「鳥居つむじ風」","Satori Komeiji"
"想起「春の京人形」","Satori Komeiji"
"想起「ストロードールカミカゼ」","Satori Komeiji"
"想起「リターンイナニメトネス」","Satori Komeiji"
"想起「マーキュリポイズン」","Satori Komeiji"
"想起「プリンセスウンディネ」","Satori Komeiji"
"想起「賢者の石」","Satori Komeiji"
"想起「のびーるアーム」","Satori Komeiji"
"想起「河童のポロロッカ」","Satori Komeiji"
"想起「光り輝く水底のトラウマ」","Satori Komeiji"
"猫符「キャッツウォーク」","Rin Kaenbyou"
"猫符「怨霊猫乱歩」","Rin Kaenbyou"
"呪精「ゾンビフェアリー」","Rin Kaenbyou"
"呪精「怨霊憑依妖精」","Rin Kaenbyou"
"恨霊「スプリーンイーター」","Rin Kaenbyou"
"屍霊「食人怨霊」","Rin Kaenbyou"
"贖罪「旧地獄の針山」","Rin Kaenbyou"
"贖罪「昔時の針と痛がる怨霊」","Rin Kaenbyou"
"「死灰復燃」","Rin Kaenbyou"
"「小悪霊復活せし」","Rin Kaenbyou"
"妖怪「火焔の車輪」","Rin Kaenbyou"
"核熱「ニュークリアフュージョン」","Utsuho Reiuji"
"核熱「ニュークリアエクスカーション」","Utsuho Reiuji"
"核熱「核反応制御不能」","Utsuho Reiuji"
"爆符「プチフレア」","Utsuho Reiuji"
"爆符「メガフレア」","Utsuho Reiuji"
"爆符「ギガフレア」","Utsuho Reiuji"
"爆符「ペタフレア」","Utsuho Reiuji"
"焔星「フィクストスター」","Utsuho Reiuji"
"焔星「プラネタリーレボリューション」","Utsuho Reiuji"
"焔星「十凶星」","Utsuho Reiuji"
"「地獄極楽メルトダウン」","Utsuho Reiuji"
"「ヘルズトカマク」","Utsuho Reiuji"
"「地獄の人工太陽」","Utsuho Reiuji"
"「サブタレイニアンサン」","Utsuho Reiuji"
"秘法「九字刺し」","Sanae Kochiya"
"奇跡「ミラクルフルーツ」","Sanae Kochiya"
"神徳「五穀豊穣ライスシャワー」","Sanae Kochiya"
"表象「夢枕にご先祖総立ち」","Koishi Komeiji"
"表象「弾幕パラノイア」","Koishi Komeiji"
"本能「イドの解放」","Koishi Komeiji"
"抑制「スーパーエゴ」","Koishi Komeiji"
"反応「妖怪ポリグラフ」","Koishi Komeiji"
"無意識「弾幕のロールシャッハ」","Koishi Komeiji"
"復燃「恋の埋火」","Koishi Komeiji"
"深層「無意識の遺伝子」","Koishi Komeiji"
"「嫌われ者のフィロソフィ」","Koishi Komeiji"
"「サブタレイニアンローズ」","Koishi Komeiji"
"棒符「ビジーロッド」","Nazrin"
"捜符「レアメタルディテクター」","Nazrin"
"捜符「ゴールドディテクター」","Nazrin"
"視符「ナズーリンペンデュラム」","Nazrin"
"視符「高感度ナズーリンペンデュラム」","Nazrin"
"守符「ペンデュラムガード」","Nazrin"
"大輪「からかさ後光」","Kogasa Tatara"
"大輪「ハロウフォゴットンワールド」","Kogasa Tatara"
"傘符「パラソルスターシンフォニー」","Kogasa Tatara"
"傘符「パラソルスターメモリーズ」","Kogasa Tatara"
"雨符「雨夜の怪談」","Kogasa Tatara"
"雨傘「超撥水かさかさお化け」","Kogasa Tatara"
"化符「忘れ傘の夜行列車」","Kogasa Tatara"
"化鉄「置き傘特急ナイトカーニバル」","Kogasa Tatara"
"鉄拳「問答無用の妖怪拳」","Ichirin Kumoi"
"神拳「雲上地獄突き」","Ichirin Kumoi"
"神拳「天海地獄突き」","Ichirin Kumoi"
"拳符「天網サンドバッグ」","Ichirin Kumoi"
"連打「雲界クラーケン殴り」","Ichirin Kumoi"
"連打「キングクラーケン殴り」","Ichirin Kumoi"
"拳打「げんこつスマッシュ」","Ichirin Kumoi"
"潰滅「天上天下連続フック」","Ichirin Kumoi"
"大喝「時代親父大目玉」","Ichirin Kumoi"
"忿怒「天変大目玉焼き」","Ichirin Kumoi"
"忿怒「空前絶後大目玉焼き」","Ichirin Kumoi"
"転覆「道連れアンカー」","Minamitsu Murasa"
"転覆「沈没アンカー」","Minamitsu Murasa"
"転覆「撃沈アンカー」","Minamitsu Murasa"
"溺符「ディープヴォーテックス」","Minamitsu Murasa"
"溺符「シンカブルヴォーテックス」","Minamitsu Murasa"
"湊符「ファントムシップハーバー」","Minamitsu Murasa"
"湊符「幽霊船の港」","Minamitsu Murasa"
"湊符「幽霊船永久停泊」","Minamitsu Murasa"
"幽霊「シンカーゴースト」","Minamitsu Murasa"
"幽霊「忍び寄る柄杓」","Minamitsu Murasa"
"幽霊「忍び寄る柄杓」","Minamitsu Murasa"
"宝塔「グレイテストトレジャー」","Nazrin"
"宝塔「グレイテストトレジャー」","Nazrin"
"宝塔「グレイテストトレジャー」","Nazrin"
"宝塔「レイディアントトレジャー」","Shou Toramaru"
"宝塔「レイディアントトレジャーガン」","Shou Toramaru"
"宝塔「レイディアントトレジャーガン」","Shou Toramaru"
"光符「アブソリュートジャスティス」","Shou Toramaru"
"光符「正義の威光」","Shou Toramaru"
"法力「至宝の独鈷杵」","Shou Toramaru"
"法灯「隙間無い法の独鈷杵」","Shou Toramaru"
"法灯「隙間無い法の独鈷杵」","Shou Toramaru"
"光符「浄化の魔」","Shou Toramaru"
"光符「浄化の魔」","Shou Toramaru"
"「コンプリートクラリフィケイション」","Shou Toramaru"
"魔法「紫雲のオーメン」","Byakuren Hijiri"
"吉兆「紫の雲路」","Byakuren Hijiri"
"吉兆「極楽の紫の雲路」","Byakuren Hijiri"
"魔法「魔界蝶の妖香」","Byakuren Hijiri"
"魔法「マジックバタフライ」","Byakuren Hijiri"
"光魔「スターメイルシュトロム」","Byakuren Hijiri"
"光魔「魔法銀河系」","Byakuren Hijiri"
"光魔「魔法銀河系」","Byakuren Hijiri"
"大魔法「魔神復誦」","Byakuren Hijiri"
"大魔法「魔神復誦」","Byakuren Hijiri"
"大魔法「魔神復誦」","Byakuren Hijiri"
"「聖尼公のエア巻物」","Byakuren Hijiri"
"「聖尼公のエア巻物」","Byakuren Hijiri"
"超人「聖白蓮」","Byakuren Hijiri"
"飛鉢「フライングファンタスティカ」","Byakuren Hijiri"
"飛鉢「伝説の飛空円盤」","Byakuren Hijiri"
"飛鉢「伝説の飛空円盤」","Byakuren Hijiri"
"傘符「大粒の涙雨」","Kogasa Tatara"
"驚雨「ゲリラ台風」","Kogasa Tatara"
"後光「からかさ驚きフラッシュ」","Kogasa Tatara"
"妖雲「平安のダーククラウド」","Nue Houjuu"
"正体不明「忿怒のレッドＵＦＯ襲来」","Nue Houjuu"
"鵺符「鵺的スネークショー」","Nue Houjuu"
"正体不明「哀愁のブルーＵＦＯ襲来」","Nue Houjuu"
"鵺符「弾幕キメラ」","Nue Houjuu"
"正体不明「義心のグリーンＵＦＯ襲来」","Nue Houjuu"
"鵺符「アンディファインドダークネス」","Nue Houjuu"
"正体不明「恐怖の虹色ＵＦＯ襲来」","Nue Houjuu"
"「平安京の悪夢」","Nue Houjuu"
"恨弓「源三位頼政の弓」","Nue Houjuu"
"符牒「死蝶の舞」","Yuyuko Saigyouji"
"符牒「死蝶の舞　- 桜花 -」","Yuyuko Saigyouji"
"幽蝶「ゴーストスポット」","Yuyuko Saigyouji"
"幽蝶「ゴーストスポット　- 桜花 -」","Yuyuko Saigyouji"
"冥符「常夜桜」","Yuyuko Saigyouji"
"桜符「西行桜吹雪」","Yuyuko Saigyouji"
"響符「マウンテンエコー」","Kyouko Kasodani"
"響符「マウンテンエコースクランブル」","Kyouko Kasodani"
"響符「パワーレゾナンス」","Kyouko Kasodani"
"山彦「ロングレンジエコー」","Kyouko Kasodani"
"山彦「アンプリファイエコー」","Kyouko Kasodani"
"大声「チャージドクライ」","Kyouko Kasodani"
"大声「チャージドヤッホー」","Kyouko Kasodani"
"虹符「アンブレラサイクロン」","Kogasa Tatara"
"回復「ヒールバイデザイア」","Yoshika Miyako"
"毒爪「ポイズンレイズ」","Yoshika Miyako"
"毒爪「ポイズンマーダー」","Yoshika Miyako"
"欲符「稼欲霊招来」","Yoshika Miyako"
"欲霊「スコアデザイアイーター」","Yoshika Miyako"
"邪符「ヤンシャオグイ」","Seiga Kaku"
"邪符「グーフンイエグイ」","Seiga Kaku"
"入魔「ゾウフォルゥモォ」","Seiga Kaku"
"降霊「死人タンキー」","Seiga Kaku"
"通霊「トンリン芳香」","Seiga Kaku"
"道符「タオ胎動」","Seiga Kaku"
"雷矢「ガゴウジサイクロン」","Soga no Tojiko"
"雷矢「ガゴウジサイクロン」","Soga no Tojiko"
"雷矢「ガゴウジトルネード」","Soga no Tojiko"
"天符「雨の磐舟」","Mononobe no Futo"
"天符「天の磐舟よ天へ昇れ」","Mononobe no Futo"
"投皿「物部の八十平瓮」","Mononobe no Futo"
"炎符「廃仏の炎風」","Mononobe no Futo"
"炎符「桜井寺炎上」","Mononobe no Futo"
"聖童女「大物忌正餐」","Mononobe no Futo"
"名誉「十二階の色彩」","Toyosatomimi no Miko"
"名誉「十二階の冠位」","Toyosatomimi no Miko"
"仙符「日出ずる処の道士」","Toyosatomimi no Miko"
"仙符「日出ずる処の天子」","Toyosatomimi no Miko"
"召喚「豪族乱舞」","Toyosatomimi no Miko"
"秘宝「斑鳩寺の天球儀」","Toyosatomimi no Miko"
"秘宝「聖徳太子のオーパーツ」","Toyosatomimi no Miko"
"光符「救世観音の光後光」","Toyosatomimi no Miko"
"光符「グセフラッシュ」","Toyosatomimi no Miko"
"眼光「十七条のレーザー」","Toyosatomimi no Miko"
"神光「逆らう事なきを宗とせよ」","Toyosatomimi no Miko"
"「星降る神霊廟」","Toyosatomimi no Miko"
"「生まれたての神霊」","Toyosatomimi no Miko"
"アンノウン「軌道不明の鬼火」","Nue Houjuu"
"アンノウン「姿態不明の空魚」","Nue Houjuu"
"アンノウン「原理不明の妖怪玉」","Nue Houjuu"
"壱番勝負「霊長化弾幕変化」","Mamizou Futatsuiwa"
"弐番勝負「肉食化弾幕変化」","Mamizou Futatsuiwa"
"参番勝負「延羽化弾幕変化」","Mamizou Futatsuiwa"
"四番勝負「両生化弾幕変化」","Mamizou Futatsuiwa"
"伍番勝負「鳥獣戯画」","Mamizou Futatsuiwa"
"六番勝負「狸の化け学校」","Mamizou Futatsuiwa"
"七番勝負「野生の離島」","Mamizou Futatsuiwa"
"変化「まぬけ巫女の偽調伏」","Mamizou Futatsuiwa"
"「マミゾウ化弾幕十変化」","Mamizou Futatsuiwa"
"狢符「満月のポンポコリン」","Mamizou Futatsuiwa"
"桜符「桜吹雪地獄」","Yuyuko Saigyouji"
"山彦「ヤマビコの本領発揮エコー」","Kyouko Kasodani"
"毒爪「死なない殺人鬼」","Yoshika Miyako"
"道符「ＴＡＯ胎動　〜道〜」","Seiga Kaku"
"怨霊「入鹿の雷」","Soga no Tojiko"
"聖童女「太陽神の贄」","Mononobe no Futo"
"「神霊大宇宙」","Toyosatomimi no Miko"
"「ワイルドカーペット」","Mamizou Futatsuiwa"
"氷符「アルティメットブリザード」","Cirno"
"水符「テイルフィンスラップ」","Wakasagihime"
"鱗符「スケールウェイブ」","Wakasagihime"
"鱗符「逆鱗の荒波」","Wakasagihime"
"鱗符「逆鱗の大荒波」","Wakasagihime"
"飛符「フライングヘッド」","Sekibanki"
"首符「クローズアイショット」","Sekibanki"
"首符「ろくろ首飛来」","Sekibanki"
"飛頭「マルチプリケイティブヘッド」","Sekibanki"
"飛頭「セブンズヘッド」","Sekibanki"
"飛頭「ナインズヘッド」","Sekibanki"
"飛頭「デュラハンナイト」","Sekibanki"
"牙符「月下の犬歯」","Kagerou Imaizumi"
"変身「トライアングルファング」","Kagerou Imaizumi"
"変身「スターファング」","Kagerou Imaizumi"
"咆哮「ストレンジロア」","Kagerou Imaizumi"
"咆哮「満月の遠吠え」","Kagerou Imaizumi"
"狼符「スターリングパウンス」","Kagerou Imaizumi"
"天狼「ハイスピードパウンス」","Kagerou Imaizumi"
"平曲「祇園精舎の鐘の音」","Benben Tsukumo"
"怨霊「耳無し芳一」","Benben Tsukumo"
"怨霊「平家の大怨霊」","Benben Tsukumo"
"楽符「邪悪な五線譜」","Benben Tsukumo"
"楽符「凶悪な五線譜」","Benben Tsukumo"
"楽符「ダブルスコア」","Benben Tsukumo"
"琴符「諸行無常の琴の音」","Yatsuhashi Tsukumo"
"響符「平安の残響」","Yatsuhashi Tsukumo"
"響符「エコーチェンバー」","Yatsuhashi Tsukumo"
"箏曲「下克上送箏曲」","Yatsuhashi Tsukumo"
"箏曲「下克上レクイエム」","Yatsuhashi Tsukumo"
"欺符「逆針撃」","Seija Kijin"
"逆符「鏡の国の弾幕」","Seija Kijin"
"逆符「イビルインザミラー」","Seija Kijin"
"逆符「天地有用」","Seija Kijin"
"逆符「天下転覆」","Seija Kijin"
"逆弓「天壌夢弓」","Seija Kijin"
"逆弓「天壌夢弓の詔勅」","Seija Kijin"
"逆転「リバースヒエラルキー」","Seija Kijin"
"逆転「チェンジエアブレイブ」","Seija Kijin"
"小弾「小人の道」","Shinmyoumaru Sukuna"
"小弾「小人の茨道」","Shinmyoumaru Sukuna"
"小槌「大きくなあれ」","Shinmyoumaru Sukuna"
"小槌「もっと大きくなあれ」","Shinmyoumaru Sukuna"
"妖剣「輝針剣」","Shinmyoumaru Sukuna"
"小槌「お前が大きくなあれ」","Shinmyoumaru Sukuna"
"「進撃の小人」","Shinmyoumaru Sukuna"
"「ウォールオブイッスン」","Shinmyoumaru Sukuna"
"「ホップオマイサムセブン」","Shinmyoumaru Sukuna"
"「七人の一寸法師」","Shinmyoumaru Sukuna"
"弦楽「嵐のアンサンブル」","Tsukumo Sisters"
"弦楽「浄瑠璃世界」","Tsukumo Sisters"
"一鼓「暴れ宮太鼓」","Raiko Horikawa"
"二鼓「怨霊アヤノツヅミ」","Raiko Horikawa"
"三鼓「午前零時のスリーストライク」","Raiko Horikawa"
"死鼓「ランドパーカス」","Raiko Horikawa"
"五鼓「デンデン太鼓」","Raiko Horikawa"
"六鼓「オルタネイトスティッキング」","Raiko Horikawa"
"七鼓「高速和太鼓ロケット」","Raiko Horikawa"
"八鼓「雷神の怒り」","Raiko Horikawa"
"「ブルーレディショー」","Raiko Horikawa"
"「プリスティンビート」","Raiko Horikawa"
"凶弾「スピードストライク」","Seiran"
"弾符「イーグルシューティング」","Seiran"
"弾符「鷹は撃ち抜いた」","Seiran"
"銃符「ルナティックガン」","Seiran"
"銃符「ルナティックガン」","Seiran"
"兎符「ストロベリーダンゴ」","Ringo"
"兎符「ベリーベリーダンゴ」","Ringo"
"兎符「ダンゴインフリューエンス」","Ringo"
"月見「セプテンバーフルムーン」","Ringo"
"月見酒「ルナティックセプテンバー」","Ringo"
"夢符「緋色の悪夢」","Doremy Sweet"
"夢符「緋色の圧迫悪夢」","Doremy Sweet"
"夢符「藍色の愁夢」","Doremy Sweet"
"夢符「藍色の愁三重夢」","Doremy Sweet"
"夢符「愁永遠の夢」","Doremy Sweet"
"夢符「刈安色の迷夢」","Doremy Sweet"
"夢符「刈安色の錯綜迷夢」","Doremy Sweet"
"夢符「ドリームキャッチャー」","Doremy Sweet"
"夢符「蒼色のドリームキャッチャー」","Doremy Sweet"
"夢符「夢我夢中」","Doremy Sweet"
"月符「紺色の狂夢」","Doremy Sweet"
"玉符「烏合の呪」","Sagume Kishin"
"玉符「烏合の逆呪」","Sagume Kishin"
"玉符「烏合の二重呪」","Sagume Kishin"
"玉符「穢身探知型機雷」","Sagume Kishin"
"玉符「穢身探知型機雷　改」","Sagume Kishin"
"玉符「神々の弾冠」","Sagume Kishin"
"玉符「神々の光り輝く弾冠」","Sagume Kishin"
"「片翼の白鷺」","Sagume Kishin"
"獄符「ヘルエクリプス」","Clownpiece"
"獄符「地獄の蝕」","Clownpiece"
"獄符「フラッシュアンドストライプ」","Clownpiece"
"獄符「スターアンドストライプ」","Clownpiece"
"獄炎「グレイズインフェルノ」","Clownpiece"
"獄炎「かすりの獄意」","Clownpiece"
"地獄「ストライプドアビス」","Clownpiece"
"「フェイクアポロ」","Clownpiece"
"「アポロ捏造説」","Clownpiece"
"「掌の純光」","Junko"
"「殺意の百合」","Junko"
"「原始の神霊界」","Junko"
"「現代の神霊界」","Junko"
"「震え凍える星」","Junko"
"「純粋なる狂気」","Junko"
"「溢れ出る瑕穢」","Junko"
"「地上穢の純化」","Junko"
"純符「ピュアリーバレットヘル」","Junko"
"純符「純粋な弾幕地獄」","Junko"
"胡蝶「バタフライサプランテーション」","Doremy Sweet"
"超特急「ドリームエクスプレス」","Doremy Sweet"
"這夢「クリーピングバレット」","Doremy Sweet"
"異界「逢魔ガ刻」","Hecatia Lapislazuli"
"地球「邪穢在身」","Hecatia Lapislazuli"
"月「アポロ反射鏡」","Hecatia Lapislazuli"
"「袋の鼠を追い詰める為の単純な弾幕」","Junko"
"異界「地獄のノンイデアル弾幕」","Hecatia Lapislazuli"
"地球「地獄に降る雨」","Hecatia Lapislazuli"
"月「ルナティックインパクト」","Hecatia Lapislazuli"
"「人を殺める為の純粋な弾幕」","Junko"
"「トリニタリアンラプソディ」","Hecatia Lapislazuli"
"「最初で最後の無名の弾幕」","Hecatia Lapislazuli & Junko"
"蝶符「ミニットスケールス」","Eternity Larva"
"蝶符「アゲハの鱗粉」","Eternity Larva"
"蝶符「フラッタリングサマー」","Eternity Larva"
"蝶符「真夏の羽ばたき」","Eternity Larva"
"雨符「囚われの秋雨」","Nemuno Sakata"
"雨符「呪われた柴榑雨」","Nemuno Sakata"
"刃符「山姥の包丁研ぎ」","Nemuno Sakata"
"刃符「山姥の鬼包丁研ぎ」","Nemuno Sakata"
"尽符「マウンテンマーダー」","Nemuno Sakata"
"尽符「ブラッディマウンテンマーダー」","Nemuno Sakata"
"春符「サプライズスプリング」","Lily White"
"犬符「野良犬の散歩」","Aunn Komano"
"狗符「山狗の散歩」","Aunn Komano"
"独楽「コマ犬回し」","Aunn Komano"
"独楽「カールアップアンドダイ」","Aunn Komano"
"狛符「独り阿吽の呼吸」","Aunn Komano"
"魔符「インスタントボーディ」","Narumi Yatadera"
"魔符「即席菩提」","Narumi Yatadera"
"魔符「バレットゴーレム」","Narumi Yatadera"
"魔符「ペットの巨大弾生命体」","Narumi Yatadera"
"地蔵「クリミナルサルヴェイション」","Narumi Yatadera"
"地蔵「業火救済」","Narumi Yatadera"
"竹符「バンブースピアダンス」","Mai Teireida"
"竹符「バンブークレイジーダンス」","Mai Teireida"
"茗荷「フォゲットユアネーム」","Satono Nishida"
"笹符「タナバタスターフェスティバル」","Mai Teireida"
"冥加「ビハインドユー」","Satono Nishida"
"舞符「ビハインドフェスティバル」","Mai and Satono"
"狂舞「テングオドシ」","Mai and Satono"
"狂舞「狂乱天狗怖し」","Mai and Satono"
"後符「秘神の後光」","Okina Matara"
"後符「絶対秘神の後光」","Okina Matara"
"裏夏「スコーチ・バイ・ホットサマー」","Okina Matara"
"裏夏「異常猛暑の焦土」","Okina Matara"
"裏秋「ダイ・オブ・ファミン」","Okina Matara"
"裏秋「異常枯死の餓鬼」","Okina Matara"
"裏冬「ブラックスノーマン」","Okina Matara"
"裏冬「異常降雪の雪だるま」","Okina Matara"
"裏春「エイプリルウィザード」","Okina Matara"
"裏春「異常落花の魔術使い」","Okina Matara"
"「裏・ブリージーチェリーブロッサム」","Okina Matara"
"「裏・パーフェクトサマーアイス」","Okina Matara"
"「裏・クレイジーフォールウィンド」","Okina Matara"
"「裏・エクストリームウィンター」","Okina Matara"
"鼓舞「パワフルチアーズ」","Mai and Satono"
"狂舞「クレイジーバックダンス」","Mai and Satono"
"弾舞「二つ目の台風」","Mai and Satono"
"秘儀「リバースインヴォーカー」","Okina Matara"
"秘儀「裏切りの後方射撃」","Okina Matara"
"秘儀「弾幕の玉繭」","Okina Matara"
"秘儀「穢那の火」","Okina Matara"
"秘儀「後戸の狂言」","Okina Matara"
"秘儀「マターラドゥッカ」","Okina Matara"
"秘儀「七星の剣」","Okina Matara"
"秘儀「無縁の芸能者」","Okina Matara"
"「背面の暗黒猿楽」","Okina Matara"
"「アナーキーバレットヘル」","Okina Matara"
"石符「ストーンウッズ」","Eika Ebisu"
"石符「ストーンコニファー」","Eika Ebisu"
"石符「チルドレンズリンボ」","Eika Ebisu"
"石符「アダルトチルドレンズリンボ」","Eika Ebisu"
"石符「ストーンベイビー」","Urumi Ushizaki"
"石符「ヘビーストーンベイビー」","Urumi Ushizaki"
"溺符「三途の淪溺」","Urumi Ushizaki"
"鬼符「デーモンシージ」","Urumi Ushizaki"
"鬼符「ハングリーデーモンシージ」","Urumi Ushizaki"
"水符「水配りの試練」","Kutaka Niwatari"
"水符「水配りの上級試煉」","Kutaka Niwatari"
"水符「水配りの極級試煉」","Kutaka Niwatari"
"光符「見渡しの試練」","Kutaka Niwatari"
"光符「見渡しの上級試煉」","Kutaka Niwatari"
"光符「見渡しの極級試煉」","Kutaka Niwatari"
"鬼符「鬼渡の試練」","Kutaka Niwatari"
"鬼符「鬼渡の上級試煉」","Kutaka Niwatari"
"鬼符「鬼渡の獄級試煉」","Kutaka Niwatari"
"亀符「亀甲地獄」","Yachie Kicchou"
"鬼符「搦手の畜生」","Yachie Kicchou"
"鬼符「搦手の犬畜生」","Yachie Kicchou"
"鬼符「搦手の鬼畜生」","Yachie Kicchou"
"龍符「龍紋弾」","Yachie Kicchou"
"埴輪「弓兵埴輪」","Mayumi Joutouguu"
"埴輪「熟練弓兵埴輪」","Mayumi Joutouguu"
"埴輪「剣士埴輪」","Mayumi Joutouguu"
"埴輪「熟練剣士埴輪」","Mayumi Joutouguu"
"埴輪「騎馬兵埴輪」","Mayumi Joutouguu"
"埴輪「熟練騎馬兵埴輪」","Mayumi Joutouguu"
"埴輪「がらんどうの無尽兵団」","Mayumi Joutouguu"
"埴輪「不敗の無尽兵団」","Mayumi Joutouguu"
"方形「方形造形術」","Keiki Haniyasushin"
"方形「スクエアクリーチャー」","Keiki Haniyasushin"
"円形「真円造形術」","Keiki Haniyasushin"
"円形「サークルクリーチャー」","Keiki Haniyasushin"
"線形「線形造形術」","Keiki Haniyasushin"
"線形「リニアクリーチャー」","Keiki Haniyasushin"
"埴輪「偶像人馬造形術」","Keiki Haniyasushin"
"埴輪「アイドルクリーチャー」","Keiki Haniyasushin"
"「鬼形造形術」","Keiki Haniyasushin"
"「ジオメトリッククリーチャー」","Keiki Haniyasushin"
"「イドラディアボルス」","Keiki Haniyasushin"
"血戦「血の分水嶺」","Kutaka Niwatari"
"血戦「獄界視線」","Kutaka Niwatari"
"血戦「全霊鬼渡り」","Kutaka Niwatari"
"勁疾技「スリリングショット」","Saki Kurokoma"
"勁疾技「ライトニングネイ」","Saki Kurokoma"
"勁疾技「デンスクラウド」","Saki Kurokoma"
"勁疾技「ビーストエピデミシティ」","Saki Kurokoma"
"勁疾技「トライアングルチェイス」","Saki Kurokoma"
"勁疾技「ブラックペガサス流星弾」","Saki Kurokoma"
"勁疾技「マッスルエクスプロージョン」","Saki Kurokoma"
"「フォロミーアンアフライド」","Saki Kurokoma"
"「鬼形のホイポロイ」","Saki Kurokoma"
"「鬼畜生の所業」","Saki Kurokoma"
"招符「弾幕万来」","Mike Goutokuji"
"招符「弾災招福」","Mike Goutokuji"
"森符「木隠れの技術」","Takane Yamashiro"
"森符「極・木隠れの技術」","Takane Yamashiro"
"森符「真・木隠れの技術」","Takane Yamashiro"
"森符「最奥の森域」","Takane Yamashiro"
"森符「極・最奥の森域」","Takane Yamashiro"
"森符「真・最奥の森域」","Takane Yamashiro"
"葉技「グリーンスパイラル」","Takane Yamashiro"
"葉技「グリーンサイクロン」","Takane Yamashiro"
"葉技「グリーントルネード」","Takane Yamashiro"
"山符「動天の雲間草」","Sannyo Komakusa"
"山怪「驚愕の雲間草」","Sannyo Komakusa"
"山符「妖光輝く薄雪草」","Sannyo Komakusa"
"山怪「妖魔犇めく薄雪草」","Sannyo Komakusa"
"山花「殺戮の駒草」","Sannyo Komakusa"
"山花「殺戮の山の女王」","Sannyo Komakusa"
"玉符「虹龍陰陽玉」","Misumaru Tamatsukuri"
"玉符「陰陽神玉」","Misumaru Tamatsukuri"
"玉将「クイーンオブインヤンスフィア」","Misumaru Tamatsukuri"
"女王珠「虹の扉の向こうに」","Misumaru Tamatsukuri"
"「陰陽サフォケイション」","Misumaru Tamatsukuri"
"禍星「星火燎原の舞」","Megumu Iizunamaru"
"禍星「星火燎原乱舞」","Megumu Iizunamaru"
"星風「虹彩陸離の舞」","Megumu Iizunamaru"
"星風「虹彩陸離乱舞」","Megumu Iizunamaru"
"光馬「天馬行空の舞」","Megumu Iizunamaru"
"光馬「天馬行空乱舞」","Megumu Iizunamaru"
"虹光「光風霽月」","Megumu Iizunamaru"
"「無主への供物」","Chimata Tenkyuu"
"「弾幕狂蒐家の妄執」","Chimata Tenkyuu"
"「バレットマーケット」","Chimata Tenkyuu"
"「密度の高いバレットマーケット」","Chimata Tenkyuu"
"「弾幕自由市場」","Chimata Tenkyuu"
"「虹人環」","Chimata Tenkyuu"
"「バレットドミニオン」","Chimata Tenkyuu"
"「暴虐のバレットドミニオン」","Chimata Tenkyuu"
"「無道のバレットドミニオン」","Chimata Tenkyuu"
"「弾幕のアジール」","Chimata Tenkyuu"
"狐符「フォックスワインダー」","Tsukasa Kudamaki"
"管狐「シリンダーフォックス」","Tsukasa Kudamaki"
"星狐「天狐龍星の舞」","Tsukasa Kudamaki"
"蠱毒「カニバリスティックインセクト」","Momoyo Himemushi"
"蠱毒「ケイブスウォーマー」","Momoyo Himemushi"
"蠱毒「スカイペンドラ」","Momoyo Himemushi"
"採掘「積もり続けるマインダンプ」","Momoyo Himemushi"
"採掘「マインブラスト」","Momoyo Himemushi"
"採掘「妖怪達のシールドメソッド」","Momoyo Himemushi"
"大蜈蚣「スネークイーター」","Momoyo Himemushi"
"大蜈蚣「ドラゴンイーター」","Momoyo Himemushi"
"「蠱毒のグルメ」","Momoyo Himemushi"
"「蟲姫さまの輝かしく落ち着かない毎日」","Momoyo Himemushi"
"霊符「乱撃陰陽玉」","Reimu Hakurei"
"霊符「蹂躙陰陽玉」","Reimu Hakurei"
"「在庫全ての陰陽玉」","Reimu Hakurei"
"「鬼畜生調伏に慈悲は無し」","Reimu Hakurei"
"星符「シュート・ザ・ビースト」","Marisa Kirisame"
"星符「シュート・ザ・ビーストキング」","Marisa Kirisame"
"風符「ウィンドライダー」","Sanae Kochiya"
"風符「ウィンドマスター」","Sanae Kochiya"
"式神「スティルハンター　チェン」","Ran Yakumo"
"式神「マルチスティルハンター」","Ran Yakumo"
"独楽「コマ犬回し」","Aunn Komano"
"独楽「コマ犬大回転」","Aunn Komano"
"宝石「ジュエルレイン」","Nazrin"
"弾符「ラビットシューティング」","Seiran"
"死霊「フェアリーオブザデッド」","Rin Kaenbyou"
"管狐「シリンダーフォックス」","Tsukasa Kudamaki"
"狸符「強欲な動物霊に紛れよ！」","Mamizou Futatsuiwa"
"亀符「亀甲地獄」","Yachie Kicchou"
"亀符「吉弔大結界」","Yachie Kicchou"
"龍符「龍紋弾」","Yachie Kicchou"
"天星馬「ペガサスクロス」","Saki Kurokoma"
"天星馬「ペガサススターマイン」","Saki Kurokoma"
"「ラストシュート」","Saki Kurokoma"
"宿怨「ゴージライザー」","Yuuma Toutetsu"
"「アブソーバーファントム」","Yuuma Toutetsu"
"「底辺の暴食」","Yuuma Toutetsu"
"鬼符「濛々酒鬼」","Suika Ibuki"
"鬼符「疎音濛々酒鬼」","Suika Ibuki"
"「美しき地獄弾幕夜行」","Suika Ibuki"
"猿撃「モンキーマジック」","Biten Son"
"三頭「ケルベロスファイア」","Enoko Mitsugashira"
"呪血「カースドデビル」","Chiyari Tenkajin"
"執行者「脱獄ストーカー」","Hisami Yomotsu"
"「純霊弾」","Zanmu Nippaku"
"「無心純霊弾」","Zanmu Nippaku"
"「亡羊のキングダム」","Zanmu Nippaku"
